chunk_name,job_id,status
Dunmar-Alexandria-Rec1_chunk1.mp3,3fe7ed52-c952-470c-85a6-273468d83c08,created
Dunmar-Alexandria-Rec1_chunk2.mp3,d9133895-c151-47e1-b312-95d66242872c,created
Dunmar-Alexandria-Rec1_chunk3.mp3,d938d77b-f1e2-4df8-8d9b-234c4653fafc,created
Dunmar-Alexandria-Rec1_chunk4.mp3,6ca63886-9939-44d4-8da0-513d4b0034be,created
Dunmar-Alexandria-Rec2_chunk1.mp3,95b33a0b-cca6-49ec-8856-e514bef6d495,created
Dunmar-Alexandria-Rec2_chunk2.mp3,0b086903-f0d9-4f1d-bb7b-d8e067882beb,created
Dunmar-Alexandria-Rec2_chunk3.mp3,60aca151-d5e5-43d8-99ff-3a8693b1d389,created
Dunmar-Alexandria-Rec3_chunk1.mp3,18cfc469-675b-4cea-a450-6b0932fb0edf,created
Dunmar-Alexandria-Rec3_chunk2.mp3,06e398c9-b346-49bf-b527-614061d9379f,created
Dunmar-Alexandria-Rec3_chunk3.mp3,d249827d-3ecf-4027-b072-c1bdd09ff749,created
Dunmar-Alexandria-Rec3_chunk4.mp3,37ebd1bc-b87f-4e2a-89bb-0b0971236eab,created
Dunmar-Alexandria-Rec3_chunk5.mp3,1ad764d1-b7ce-4bb3-952a-be732546aa73,created
Dunmar-Alexandria-Rec3_chunk6.mp3,799549e1-975c-4381-bae0-e4d97bff0586,created
Dunmar-Alexandria-Rec3_chunk7.mp3,737d2408-8fbf-448a-ab04-14687c5897b8,created
Dunmar-Alexandria-Rec3_chunk8.mp3,d97c4eb2-dfaf-4800-afd2-1ac9fda4c6ba,created
Dunmar-Alexandria-Rec3_chunk9.mp3,353e513f-6f39-4047-8f27-f109e6930e6a,created
Dunmar-CO-Rec1_chunk1.mp3,1b7abd52-9ecf-4c1d-aaf6-2476027f7c8e,created
Dunmar-CO-Rec1_chunk2.mp3,7fab9cb2-ca9f-45c7-8c28-d2cb4e13ae0c,created
Dunmar-CO-Rec1_chunk3.mp3,fa37a643-3ced-4024-ae6e-42d4dd4eac59,created
Dunmar-CO-Rec1_chunk4.mp3,41083294-872f-4fec-ad4d-91615f9f87d3,created
Dunmar-CO-Rec1_chunk5.mp3,c5539a39-ecc8-47ed-a38e-4880f2c0df9d,created
Dunmar-CO-Rec1_chunk6.mp3,a579e0e3-62bb-4a08-892d-23de69d67358,created
Dunmar-CO-Rec2_chunk1.mp3,d70d06ab-a66f-47d1-a8a9-18a7fd698ee3,created
Dunmar-CO-Rec2_chunk2.mp3,548cd31c-0e6a-449e-a75a-69c9139b095a,created
Dunmar-CO-Rec2_chunk3.mp3,a4f49f06-dc7a-4693-870d-7da1a6c4e110,created
Dunmar-CO-Rec2_chunk4.mp3,0bc6f09e-2d92-40b7-8bd6-9779eeb8a02a,created
Dunmar-CO-Rec2_chunk5.mp3,6ce2254c-8c09-4e66-869b-a5075167d46e,created
Dunmar-CO-Rec3_chunk1.mp3,0d4937c9-db3d-4f82-a7c6-0105e74fe8a0,created
Dunmar-CO-Rec3_chunk2.mp3,2f8ee766-6498-4159-b1c1-a21debe5d2ce,created
Dunmar-CO-Rec3_chunk3.mp3,0256bb0e-61aa-48f9-8574-2a742acdd9a1,created
Dunmar-CO-Rec3_chunk4.mp3,36a6a905-1f39-458a-8aef-43247b948ee4,created
Dunmar-CO-Rec4_chunk1.mp3,ca18b3f4-705a-4807-bc37-4caae68ab392,created
Dunmar-CO-Rec4_chunk2.mp3,034bcb56-1c9a-4c1b-ae38-8e82235fadd8,created
Dunmar-CO-Rec5_chunk1.mp3,b58da23c-1fbb-4a82-8963-271e1e82be5a,created
Dunmar-CO-Rec5_chunk2.mp3,8be188aa-f2a2-4ed0-8fb0-5b4d1120ee76,created
Dunmar-Cape-Rec1_chunk1.mp3,1879231a-5c51-46b6-907d-274e96cdf1d9,created
Dunmar-Cape-Rec1_chunk2.mp3,54e75ab5-47d1-4925-bb33-20f7a5243a11,created
Dunmar-Cape-Rec1_chunk3.mp3,0fba1eda-b8ef-405a-9fe5-7cad9e955d93,created
Dunmar-Cape-Rec2_chunk1.mp3,6a28a7e3-8eee-491d-9bea-5240be53f507,created
Dunmar-Cape-Rec2_chunk2.mp3,b08438ac-7c26-499d-89f6-d5341e30de0e,created
Dunmar-Cape-Rec2_chunk3.mp3,fa1687f7-a310-4e41-b964-941061fd386f,created
Dunmar-Cape-Rec2_chunk4.mp3,ee822a45-5fe6-49ef-bcf6-bb5593cad793,created
Dunmar-Cape-Rec3_chunk1.mp3,daedeece-f5db-4f07-921f-81e21a07c988,created
Dunmar-Cape-Rec3_chunk2.mp3,58b659c5-0e2a-4761-9e3d-a9352c8259b6,created
Dunmar-Cape-Rec3_chunk3.mp3,b7fde3cb-07c2-4a92-8af7-22fd19c64a7c,created
Dunmar-Cape-Rec4_chunk1.mp3,7bf18e7d-7418-4d2e-8964-4ed97b364a84,created
Dunmar-Cape-Rec4_chunk2.mp3,0061f9f3-a58c-4939-a265-4cde0f39a2a9,created
Dunmar-Cape-Rec4_chunk3.mp3,e9b557d6-64f7-4be7-964e-fbd3c598079f,created
Dunmar-Cape-Rec4_chunk4.mp3,523b5704-368d-473e-bce8-9a04215c2027,created
Dunmar-Cape-Rec4_chunk5.mp3,8dbbd929-20f8-4516-9cfa-2d4f95a73dcc,created
Dunmar-Cape-Rec4_chunk6.mp3,9772a60c-c160-4565-9695-73a793f06579,created
Dunmar-Cape-Rec4_chunk7.mp3,6beab211-4e37-48e1-8ff3-6eedb4d40868,created
